"anchira.to_9001-10000/[Inu] Trembling Lips.yaml","Empty URL field"
"anchira.to_9001-10000/[Takeuchi Kazuma] The Dirty Triangle.yaml","Empty URL field"
"anchira.to_10001-11000/[Oda Non] Short Stories & Images [FAKKU].yaml","Empty URL field"
"hentainexus.com_17001-18000/[Jony] Chaos World (Comic Bavel 2016-09).yaml","Empty URL field"
"hentainexus.com_17001-18000/[Kawasaki] Wanna Come In_ (Comic Shitsurakuten 2024-07).yaml","Empty URL field"
"hentainexus.com_17001-18000/[Kaza Midori] Midnight Cinderella (Comic Bavel 2024-06).yaml","Empty URL field"
"hentainexus.com_17001-18000/[Nagase Tooru] A Male Porn Stud Leapt Through Time To Become a Young Lady-Killer! ~I'll Forge My Own Future~ Vol.10 (Dascomi Vol.31).yaml","Empty URL field"
"hentainexus.com_17001-18000/[Osomatsu] Weekly Kairakuten Key-Visual Collection 75 (Weekly Kairakuten 2024-03).yaml","Empty URL field"
"anchira.to_12001-13000/Bavel 100th Volume Thank You Cover Collage (Comic Bavel 2023-08).yaml","Empty Artist field"
"hentainexus.com_1-17000/[Pine] Screwing My Adorable XX Schooler Sister.yaml","Empty Artist field"
"hentainexus.com_1-17000/[Pine] Sex Island.yaml","Empty Artist field"
