tag,count
Ahegao,4571
Anal,1476
"Anal Intercourse",4
Apron,230
"Armpit Fetish",124
"Armpit Licking",2
"Armpit Sex",2
Assjob,1
Bald,1
"Ball Sucking",2
Bathhouse,42
Bathroom,565
BBM,3
BBW,1
BDSM,83
Beach,115
"Beauty Mark",1220
"Better Quality Available",24
Big,1
"Big Areolae",1956
"Big Ass",2
"Big Breasts",1755
"Big Penis",2562
"Bike Shorts",1
Bikini,3
Biting,292
Blackmail,1
Blindfold,324
Bloomers,43
Blowjob,7161
"Blowjob Face",3
"Body Swap",33
"Body Writing",4
Bondage,827
Book,213
Booty,3326
"Box Set",8
"Breast Expansion",1
"Breast Sucking",302
BSS,75
Bukkake,858
"Bun Hair",214
"Bunny Girl",235
"Business Suit",520
Busty,9832
Catgirl,350
"CG Set",36
Cheating,1471
Cheerleader,75
Chikan,169
"Childhood Friends",46
Christmas,73
Chubby,581
"Clit Stimulation",1
Clone,1
"Closed Eyes",1
Co-Workers,17
Collar,5
Color,118
Comedy,416
Compilation,6
Condom,1825
Corruption,1
Cosplay,789
Costume,139
Cousin,1
Crosdressing,10
Crossdressing,221
"Crotch Tattoo",160
Cumflation,1
Cunnilingus,2490
"Curly Hair",99
"Dark Skin",1168
Deepthroat,1065
Defloration,337
Deity,85
Delinquent,149
Demon,102
"Demon Girl",2
Dilf,41
Doctor,1
"Domination Loss",1
"Double Penetration",660
Doujin,2489
Drunk,1
Ecchi,968
Elf,287
Exhibitionism,1803
"Exposed Clothing",2
Eyebrows,879
Eyepatch,22
"Face Mask",144
Facesitting,429
Facial,465
"Facial Hair",2
Fangs,999
Fantasy,750
"Females Only",65
Femboy,284
Femdom,1242
"FFFM Foursome",199
"FFM Threesome",709
Filming,923
Fingering,2554
Fishnets,107
"Fivesome Plus",12
"Focus Blowjob",2
Footjob,403
Forbidden,14014
Foreigner,177
"Fox Girl",76
Freckles,69
Free,87
"Full Color",2398
Fundoshi,1
Futanari,298
"Garter Belt",1
Genderbend,126
"Gender Change",2
Glasses,1386
"Glory Hole",1
Gloves,3
Gokkun,3
Group,2632
Gyaru,961
Hairy,5
"Hairy Armpit",46
Handjob,1809
Harem,502
Headphones,53
"Heart Pupils",3431
Hentai,12986
"Hidden Sex",1
"High Heels",2
Historical,46
Horns,388
Horror,91
"Hot Spring",149
"Hot Springs",8
Housewife,801
"Huge Boobs",1502
"Huge Breasts",1
Humiliation,422
Idol,168
Illustration,1152
Impregnation,502
Incest,486
Incomplete,2
Inflation,1
Inseki,516
Interview,38
"Inverted Nipples",324
"Irodori Aqua",5
Isekai,341
Kemonomimi,124
Kimono,434
Kissing,6
Kogal,7
Kunoichi,1
Kuudere,241
"Lab Coat",1
Lactation,255
Latex,1
Leash,1
"Leg Lock",1124
Leotard,1
"Light Hair",3561
"Light Novel",3
Lingerie,1232
Lolicon,367
"Long Tongue",1
"Lotion Play",60
"Love Hotel",889
"Love Potion",5
"Low Lolicon",1
"Low Shotacon",1
M-For-Milf-Sale,5
Machine,1
"Magical Girl",111
Maid,479
"Males Only",70
Masturbation,1395
"Mating Press",1396
Mesugaki,3
Miko,78
Milf,1230
Mind,2
"Mind Break",1
"Mind Control",1
"MMF Threesome",276
"MMMF Foursome",246
"Monster Girl",646
"Moral Degeneration",2
Mosaics,8
Mother,1
"Mouth Mask",1
"Multi-Work Series",9
Muscles,726
Nakadashi,10833
Netorare,705
Netorase,145
Netori,173
Newhalf,14
Ninja,55
"Nipple Fuck",1
"Nipple Piercing",1
"Nipple Stimulation",2
Non-H,496
"Non Human",20
"No Penetration",274
Nun,87
Nurse,193
"Office Lady",548
Ojousama,454
"Old Man",2
Oneesan,26
Ongoing,70
Oni,94
"Oppai Loli",2
"Orgasm Denial",302
Orgy,320
Osananajimi,1024
Outdoor,43
Outdoors,660
"Over-Eye Bangs",214
Paizuri,2289
Pantyhose,410
Pasties,1
Pegging,115
"Penis Enlargement",1
Petite,1505
Petplay,1
"Phone Sex",1
Piercing,273
"Pixie Cut",1
Ponytail,2206
Pool,56
Pregnant,159
Pride-Month-Sale,1
Prostitution,4
"Pubic Hair",4815
Qipao,49
Rape,653
Rimjob,480
Robot,37
"Schoolboy Uniform",2
Schoolgirl,1
"Schoolgirl Uniform",4108
Sci-Fi,179
Scientist,1
"Selling My Wife",1
Semi-Color,3
"Sex Toys",10
"Shark Teeth",13
Shibari,1
Shimaidon,1
Shimapan,176
"Short Hair",2678
Shortstack,217
Shotacon,379
Sister,4
Sixty-Nine,454
"Slice of Life",279
Smalldom,2
"Smell Fetish",7
Socks,2622
"Sole Female",12
"Sole Male",12
"Solo Action",1
Soushuuhen,1
Spanking,7
Spats,128
Spirit,128
Sportswear,394
Spread,92
Squirting,3102
Stockings,3484
"Story Arc",1489
Succubus,283
Summer-Sale,7
Sunglasses,1
Swallowing,311
Sweating,4
Swimsuit,1137
Swinging,68
Swinsuit,1
Tail,2
"Tall Girl",428
Tankoubon,231
Tanlines,331
Tattoo,53
Teacher,954
Tentacles,158
"Thick Eyebrows",5
"Thigh High Boots",1
"Thigh Job",121
Threesome,62
Tomboy,577
Tomgirl,266
Toys,1702
Tracksuit,1
Trans,20
"Transparent Clothing",1
"Triple Penetration",1
Tsundere,736
Twins,1
Twintails,2089
"Ugly Bastard",736
Uncensored,13228
Unlimited,11683
"Unusual Pupils",3
Urination,1
Vanilla,5152
"Very Long Hair",1321
Virginity,1
Voyeurism,735
Vtuber,13
Waitress,103
Watermarked,24
Webtoon,34
Western,134
Whiteout,53
Witch,62
Wrestling,13
X-ray,7589
Yandere,148
Yaoi,223
Yuri,348
"Zero Gravity",3
